Passenger ID,Passenger Name,Contact Details,Ticket Number,Class,Seat Number,Baggage Tags,Baggage Weight,Baggage Status,Boarding Pass Info
1001,Swati Deshmukh,manisha.joshi@hotmail.com,T34010,Economy,34D,BG5088,18,Checked-In,Mobile
1002,Rajesh Kumar,amit.sharma@gmail.com,T43506,First,8A,BG3700,24,Checked-In,Printed
1003,Rajesh Kumar,chetan.bhatt@hotmail.com,T16312,First,34B,BG9886,25,Onboard,Printed
1004,Sneha Iyer,amit.sharma@gmail.com,T94217,First,35E,BG2080,22,Checked-In,Printed
1005,Swati Deshmukh,harish.menon@outlook.com,T39746,Economy,31B,BG2037,22,Onboard,Mobile
1006,Suresh Reddy,sneha.iyer@yahoo.com,T11241,First,28D,BG1161,28,Onboard,Mobile
1007,Varun Nanda,vinod.shukla@gmail.com,T22764,First,30A,BG2106,22,Lost,Printed
1008,Shruti Saxena,mohit.kapoor@yahoo.com,T12100,Economy,28B,BG9934,29,Lost,Mobile
1009,Priya Singh,mohit.kapoor@rediffmail.com,T39106,Business,18F,BG4347,18,Onboard,Printed
1010,Swati Deshmukh,rahul.jain@hotmail.com,T10724,First,14C,BG7357,27,Checked-In,Printed
1011,Anjali Yadav,rajesh.kumar@outlook.com,T34361,First,14C,BG7330,19,Onboard,Printed
1012,Anjali Yadav,tanvi.agrawal@hotmail.com,T27699,Economy,19C,BG9314,20,Checked-In,Printed
1013,Amit Sharma,rajesh.kumar@rediffmail.com,T47304,Business,15E,BG8819,16,Lost,Mobile
1014,Anita Ghosh,ritika.bose@outlook.com,T76844,First,32E,BG2993,30,Lost,Mobile
1015,Pooja Mehta,chetan.bhatt@hotmail.com,T75706,Business,9D,BG6718,22,Onboard,Printed
1016,Deepak Choudhary,nikhil.bansal@gmail.com,T54007,Business,6C,BG3521,18,Checked-In,Mobile
1017,Sneha Iyer,shruti.saxena@outlook.com,T56271,Economy,31C,BG7557,15,Onboard,Mobile
1018,Swati Deshmukh,tanvi.agrawal@yahoo.com,T28689,Economy,16F,BG4496,15,Checked-In,Printed
1019,Neha Gupta,meena.pillai@hotmail.com,T80020,First,40C,BG9075,23,Onboard,Printed
1020,Deepak Choudhary,arun.nair@yahoo.com,T68088,First,35D,BG4864,26,Lost,Printed
1021,Shruti Saxena,anita.ghosh@gmail.com,T89646,Business,22C,BG5530,24,Onboard,Printed
1022,Mohit Kapoor,pallavi.das@gmail.com,T98478,First,29B,BG5595,18,Onboard,Printed
1023,Tanvi Agrawal,manisha.joshi@yahoo.com,T34114,Business,31F,BG9628,17,Onboard,Mobile
1024,Harish Menon,tanvi.agrawal@yahoo.com,T43283,Business,2E,BG9470,28,Checked-In,Printed
1025,Rahul Jain,bhavna.chatterjee@gmail.com,T83223,First,14B,BG9403,26,Lost,Mobile
1026,Shruti Saxena,shruti.saxena@gmail.com,T23895,Economy,26C,BG4598,25,Onboard,Printed
1027,Vinod Shukla,monika.kapoor@outlook.com,T65836,Business,8E,BG7139,19,Checked-In,Printed
1028,Deepak Choudhary,preeti.kulkarni@hotmail.com,T81678,Business,18C,BG2212,29,Onboard,Mobile
1029,Sumit Chauhan,abhishek.sinha@hotmail.com,T82389,Economy,11E,BG7245,29,Lost,Printed
1030,Swati Deshmukh,kunal.malhotra@outlook.com,T45824,Economy,3B,BG9852,20,Onboard,Mobile
1031,Gaurav Mishra,deepti.paul@yahoo.com,T62597,Business,15B,BG3320,18,Lost,Mobile
1032,Arun Nair,tanvi.agrawal@rediffmail.com,T94980,First,14A,BG7710,21,Onboard,Mobile
1033,Vinod Shukla,suresh.reddy@yahoo.com,T11050,Economy,40F,BG2520,17,Checked-In,Mobile
1034,Deepti Paul,pallavi.das@yahoo.com,T20394,First,39B,BG8605,29,Checked-In,Mobile
1035,Preeti Kulkarni,aparna.rao@outlook.com,T50992,Economy,22A,BG4833,21,Lost,Printed
1036,Vinod Shukla,deepak.choudhary@gmail.com,T95600,Economy,9A,BG3855,15,Checked-In,Printed
1037,Yogesh Pandey,tanvi.agrawal@hotmail.com,T92318,First,7D,BG2442,22,Onboard,Mobile
1038,Deepak Choudhary,rajesh.kumar@yahoo.com,T88517,First,1A,BG4824,29,Checked-In,Mobile
1039,Aparna Rao,ritika.bose@rediffmail.com,T96522,Business,32B,BG2002,24,Checked-In,Printed
1040,Gaurav Mishra,ritika.bose@gmail.com,T30284,Economy,28E,BG7474,16,Lost,Printed
1041,Sumit Chauhan,neha.gupta@outlook.com,T74599,Economy,16C,BG3833,17,Onboard,Mobile
1042,Simran Kaur,monika.kapoor@hotmail.com,T78294,Business,21F,BG8497,26,Lost,Mobile
1043,Preeti Kulkarni,arun.nair@hotmail.com,T30779,Economy,39B,BG3276,25,Checked-In,Mobile
1044,Yogesh Pandey,anjali.yadav@outlook.com,T89162,Business,24A,BG6760,22,Lost,Mobile
1045,Ritika Bose,bhavna.chatterjee@rediffmail.com,T60105,First,26A,BG1298,24,Lost,Mobile
1046,Yogesh Pandey,rohit.patil@hotmail.com,T31487,First,10F,BG3259,22,Checked-In,Printed
1047,Tanvi Agrawal,harish.menon@hotmail.com,T80035,First,17C,BG3912,23,Checked-In,Printed
1048,Vinod Shukla,arun.nair@hotmail.com,T73152,Economy,40C,BG6750,26,Onboard,Printed
1049,Sumit Chauhan,rakesh.rao@rediffmail.com,T24168,First,1A,BG6461,26,Onboard,Printed
1050,Harish Menon,varun.nanda@gmail.com,T10821,Economy,10C,BG9422,16,Checked-In,Printed
1051,Meena Pillai,deepak.choudhary@rediffmail.com,T61843,First,16D,BG3722,30,Onboard,Mobile
1052,Priya Singh,harish.menon@outlook.com,T60500,Business,5F,BG5561,23,Onboard,Printed
1053,Ajay Thakur,pooja.mehta@yahoo.com,T25264,Business,3B,BG7959,22,Onboard,Printed
1054,Deepak Choudhary,harish.menon@yahoo.com,T58283,First,17B,BG4949,22,Lost,Printed
1055,Rohit Patil,abhishek.sinha@gmail.com,T54579,Business,36E,BG4564,15,Onboard,Mobile
1056,Chetan Bhatt,swati.deshmukh@gmail.com,T66208,First,21E,BG1170,24,Lost,Printed
1057,Manisha Joshi,sneha.iyer@yahoo.com,T99120,Economy,21E,BG5437,27,Onboard,Mobile
1058,Anjali Yadav,bhavna.chatterjee@yahoo.com,T44536,Business,33A,BG1414,28,Onboard,Mobile
1059,Deepak Choudhary,rohit.patil@yahoo.com,T20167,Economy,14B,BG4374,21,Lost,Mobile
1060,Chetan Bhatt,anita.ghosh@outlook.com,T42130,Economy,40F,BG7867,17,Onboard,Mobile
1061,Anjali Yadav,manisha.joshi@gmail.com,T44092,First,8C,BG2250,30,Lost,Mobile
1062,Anita Ghosh,nikhil.bansal@outlook.com,T92869,Economy,16C,BG7637,27,Checked-In,Printed
1063,Rahul Jain,vivek.rathi@outlook.com,T21090,First,15B,BG4655,25,Onboard,Mobile
1064,Simran Kaur,vinod.shukla@hotmail.com,T66802,Economy,17E,BG6938,22,Lost,Mobile
1065,Kunal Malhotra,pallavi.das@gmail.com,T85829,Economy,24F,BG9113,17,Checked-In,Mobile
1066,Sneha Iyer,ritika.bose@gmail.com,T78746,Business,26F,BG1240,15,Checked-In,Mobile
1067,Arun Nair,priya.singh@gmail.com,T34584,First,39F,BG7618,17,Checked-In,Printed
1068,Amit Sharma,vikram.verma@hotmail.com,T71703,First,5A,BG1079,16,Lost,Printed
1069,Varun Nanda,priya.singh@yahoo.com,T43318,Economy,17B,BG9878,21,Lost,Printed
1070,Nikhil Bansal,vikram.verma@outlook.com,T43397,Economy,39A,BG2372,27,Lost,Mobile
1071,Rajesh Kumar,rakesh.rao@rediffmail.com,T70199,Business,8D,BG5210,24,Onboard,Printed
1072,Yogesh Pandey,tanvi.agrawal@rediffmail.com,T67239,First,14C,BG8969,25,Onboard,Mobile
1073,Preeti Kulkarni,simran.kaur@gmail.com,T78772,Business,6C,BG8928,23,Onboard,Printed
1074,Anjali Yadav,kunal.malhotra@hotmail.com,T94171,First,1B,BG3738,16,Checked-In,Mobile
1075,Preeti Kulkarni,preeti.kulkarni@rediffmail.com,T41028,Economy,27B,BG1400,21,Lost,Printed
1076,Pallavi Das,rajesh.kumar@outlook.com,T29449,Economy,19C,BG7469,25,Lost,Mobile
1077,Vikram Verma,vivek.rathi@outlook.com,T76884,Economy,30C,BG3705,16,Lost,Printed
1078,Suresh Reddy,rakesh.rao@hotmail.com,T52523,First,21D,BG4084,27,Lost,Printed
1079,Arun Nair,komal.shah@gmail.com,T60361,Economy,4F,BG1604,16,Checked-In,Mobile
1080,Deepti Paul,pooja.mehta@yahoo.com,T13517,Business,15A,BG2624,24,Checked-In,Printed
1081,Rohit Patil,pooja.mehta@gmail.com,T96556,First,20B,BG1490,20,Onboard,Mobile
1082,Nikhil Bansal,vinod.shukla@outlook.com,T30077,Business,35B,BG7760,19,Onboard,Printed
1083,Rajesh Kumar,sneha.iyer@gmail.com,T44249,Business,22C,BG4278,24,Lost,Printed
1084,Kunal Malhotra,manisha.joshi@hotmail.com,T47457,First,6D,BG3818,22,Onboard,Printed
1085,Pallavi Das,nikhil.bansal@outlook.com,T94259,Economy,13A,BG9945,21,Lost,Printed
1086,Rakesh Rao,arun.nair@rediffmail.com,T31123,Economy,34C,BG6816,22,Lost,Printed
1087,Preeti Kulkarni,anjali.yadav@gmail.com,T74866,Economy,12D,BG2519,29,Checked-In,Mobile
1088,Kunal Malhotra,vinod.shukla@hotmail.com,T95868,Business,2B,BG8405,28,Checked-In,Mobile
1089,Bhavna Chatterjee,abhishek.sinha@gmail.com,T86837,Business,23F,BG1467,28,Onboard,Mobile
1090,Arun Nair,sumit.chauhan@hotmail.com,T46123,First,8D,BG6093,24,Onboard,Printed
1091,Aparna Rao,rahul.jain@rediffmail.com,T93588,Economy,33A,BG3623,18,Onboard,Mobile
1092,Yogesh Pandey,tanvi.agrawal@outlook.com,T39456,Economy,17C,BG9294,22,Onboard,Printed
1093,Rajesh Kumar,monika.kapoor@outlook.com,T26609,First,1A,BG8371,16,Lost,Printed
1094,Rakesh Rao,rahul.jain@yahoo.com,T73205,Economy,40E,BG8133,20,Onboard,Printed
1095,Bhavna Chatterjee,ajay.thakur@yahoo.com,T71479,Economy,31D,BG8522,25,Lost,Printed
1096,Rohit Patil,suresh.reddy@yahoo.com,T48815,Business,7A,BG4517,25,Lost,Printed
1097,Aparna Rao,kunal.malhotra@hotmail.com,T89082,Business,39B,BG7043,18,Onboard,Mobile
1098,Abhishek Sinha,swati.deshmukh@hotmail.com,T45564,Economy,27B,BG8786,23,Lost,Mobile
1099,Ritika Bose,simran.kaur@hotmail.com,T61628,Economy,34A,BG6259,23,Checked-In,Printed
1100,Pallavi Das,gaurav.mishra@gmail.com,T60753,First,37C,BG6117,15,Lost,Mobile
1101,Neha Gupta,amit.sharma@hotmail.com,T66192,First,35B,BG4177,29,Lost,Mobile
1102,Ritika Bose,mohit.kapoor@gmail.com,T61311,First,31C,BG2599,21,Lost,Printed
1103,Manisha Joshi,bhavna.chatterjee@yahoo.com,T66153,First,14B,BG8181,25,Lost,Mobile
1104,Anita Ghosh,priya.singh@yahoo.com,T83156,First,21F,BG4319,16,Onboard,Printed
1105,Yogesh Pandey,chetan.bhatt@yahoo.com,T31690,Business,23D,BG4479,29,Onboard,Printed
1106,Anjali Yadav,sneha.iyer@yahoo.com,T59367,First,31A,BG1037,17,Onboard,Printed
1107,Swati Deshmukh,monika.kapoor@gmail.com,T77975,Business,31F,BG1955,24,Onboard,Printed
