Security ID,Passenger Name,Screening Status,Customs Check,Incident Reported
5001,Yogesh Pandey,Pending,Passed,Yes
5002,Nikhil Bansal,Denied,Failed,No
5003,Priya Singh,Cleared,Passed,Yes
5004,Suresh Reddy,Denied,Failed,Yes
5005,Shruti Saxena,Denied,Failed,Yes
5006,Abhishek Sinha,Pending,Passed,Yes
5007,Deepak Choudhary,Pending,Passed,Yes
5008,Pooja Mehta,Pending,Failed,Yes
5009,Preeti Kulkarni,Pending,Passed,Yes
5010,Rohit Patil,Pending,Failed,Yes
5011,Aparna Rao,Pending,Failed,No
5012,Komal Shah,Denied,Failed,Yes
5013,Deepak Choudhary,Cleared,Failed,No
5014,Gaurav Mishra,Cleared,Failed,Yes
5015,Tanvi Agrawal,Pending,Passed,No
5016,Tanvi Agrawal,Denied,Failed,No
5017,Shruti Saxena,Denied,Failed,No
5018,Rahul Jain,Pending,Failed,Yes
5019,Shruti Saxena,Pending,Passed,No
5020,Meena Pillai,Denied,Failed,No
5021,Anjali Yadav,Pending,Failed,No
5022,Arun Nair,Pending,Passed,Yes
5023,Aparna Rao,Denied,Failed,No
5024,Preeti Kulkarni,Cleared,Passed,Yes
5025,Monika Kapoor,Denied,Passed,No
5026,Gaurav Mishra,Denied,Passed,Yes
5027,Simran Kaur,Denied,Passed,Yes
5028,Meena Pillai,Cleared,Passed,No
5029,Amit Sharma,Denied,Failed,No
5030,Kunal Malhotra,Pending,Failed,No
5031,Deepak Choudhary,Denied,Failed,Yes
5032,Pooja Mehta,Pending,Passed,No
5033,Mohit Kapoor,Pending,Failed,Yes
5034,Mohit Kapoor,Denied,Failed,No
5035,Anita Ghosh,Cleared,Passed,Yes
5036,Anita Ghosh,Cleared,Passed,No
5037,Anita Ghosh,Cleared,Failed,No
5038,Mohit Kapoor,Denied,Failed,Yes
5039,Sumit Chauhan,Cleared,Passed,No
5040,Ajay Thakur,Denied,Failed,Yes
5041,Anjali Yadav,Pending,Failed,No
5042,Komal Shah,Cleared,Failed,No
5043,Pallavi Das,Denied,Failed,No
5044,Shruti Saxena,Pending,Failed,No
5045,Kunal Malhotra,Denied,Failed,No
5046,Abhishek Sinha,Denied,Failed,No
5047,Yogesh Pandey,Pending,Passed,Yes
5048,Aparna Rao,Denied,Failed,No
5049,Chetan Bhatt,Pending,Passed,Yes
5050,Aparna Rao,Denied,Passed,Yes
5051,Kunal Malhotra,Cleared,Failed,Yes
5052,Rakesh Rao,Denied,Failed,Yes
5053,Anita Ghosh,Denied,Passed,Yes
5054,Ritika Bose,Cleared,Failed,No
5055,Bhavna Chatterjee,Denied,Passed,Yes
5056,Abhishek Sinha,Denied,Failed,No
5057,Shruti Saxena,Cleared,Passed,No
5058,Rohit Patil,Denied,Passed,No
5059,Vinod Shukla,Pending,Failed,No
5060,Vinod Shukla,Cleared,Passed,No
5061,Sumit Chauhan,Cleared,Passed,No
5062,Varun Nanda,Pending,Passed,No
5063,Yogesh Pandey,Cleared,Failed,Yes
5064,Deepak Choudhary,Denied,Failed,No
5065,Arun Nair,Pending,Passed,No
5066,Pallavi Das,Cleared,Failed,Yes
5067,Nikhil Bansal,Pending,Passed,Yes
5068,Rohit Patil,Denied,Passed,Yes
5069,Ajay Thakur,Cleared,Failed,No
5070,Pooja Mehta,Pending,Failed,No
5071,Arun Nair,Pending,Failed,No
5072,Simran Kaur,Cleared,Failed,No
5073,Rahul Jain,Pending,Failed,No
5074,Amit Sharma,Cleared,Failed,Yes
5075,Sneha Iyer,Pending,Passed,Yes
5076,Deepti Paul,Cleared,Passed,Yes
5077,Rahul Jain,Cleared,Passed,No
5078,Rajesh Kumar,Denied,Failed,Yes
5079,Rohit Patil,Pending,Passed,Yes
5080,Pooja Mehta,Pending,Passed,Yes
5081,Rakesh Rao,Cleared,Failed,Yes
5082,Abhishek Sinha,Cleared,Failed,Yes
5083,Suresh Reddy,Cleared,Passed,No
5084,Chetan Bhatt,Pending,Passed,No
5085,Amit Sharma,Cleared,Passed,No
5086,Simran Kaur,Cleared,Passed,No
5087,Sneha Iyer,Cleared,Failed,Yes
5088,Anita Ghosh,Denied,Failed,Yes
5089,Harish Menon,Pending,Failed,Yes
5090,Nikhil Bansal,Denied,Failed,No
5091,Komal Shah,Denied,Failed,No
5092,Bhavna Chatterjee,Cleared,Failed,No
5093,Bhavna Chatterjee,Cleared,Failed,Yes
5094,Kunal Malhotra,Denied,Passed,No
5095,Simran Kaur,Pending,Failed,Yes
5096,Suresh Reddy,Pending,Failed,No
5097,Pooja Mehta,Pending,Failed,No
5098,Ritika Bose,Denied,Failed,Yes
5099,Arun Nair,Pending,Failed,No
5100,Monika Kapoor,Pending,Failed,Yes
5101,Pooja Mehta,Denied,Passed,Yes
